[
  {
    "id": 1,
    "name": "Alimento Eukanuba",
    "description": "Recomendado para cachorros entre 1 y 12 meses de edad. Alimento balanceado completo para cachorros de raza pequeña como Caniche, Yorkshire Terrier, Chihuahua, Daschund, Maltes y otras razas o perros mestizos que en su etapa adulta pesan menos de 10 kg. ",
    "type": "perros",
    "price": "1490",
    "image": "eukanuba-puppi.png",
    "destacado": true
  },
  {
    "id": 2,
    "name": "Cepillo",
    "description": "cepillo suave para perros pequeños, con cabo de goma. Super resistente",
    "type": "perros",
    "price": "790",
    "image": "cepillo.png",
    "destacado": true
  },
  {
    "id": 3,
    "name": "Comedero",
    "description": "Comemero de plástico ultra resistente, 20 cm",
    "type": "perros",
    "price": "790",
    "image": "comedero.png",
    "destacado": true
  },
  {
    "id": 5,
    "name": "Pipeta",
    "description": "Pipeta para perros y gatos. Para pulgas",
    "category": "2",
    "price": "490",
    "destacado": true,
    "type": "perros-gatos",
    "image": "pipeta.jpg"
  },
  {
    "id": 6,
    "name": "Buzo",
    "description": "Buzo para perros de raza pequeña de hasta 5 kg. Confeccinado en micropolar.",
    "type": "perros",
    "category": "3",
    "destacado": true,
    "price": "1550",
    "image": "techno_2.jpg"
  },
  {
    "id": 7,
    "name": "Pelota pinches",
    "description": "Pelota de goma, con luces. ",
    "type": "perros-gatos",
    "category": "3",
    "destacado": false,
    "price": "290",
    "image": "pa6414_1.png"
  },
  {
    "id": 8,
    "name": "Hueso de goma",
    "description": "Hueso de goma, resistente, para perros pequeños",
    "type": "perros",
    "category": "3",
    "destacado": false,
    "price": "450",
    "image": "pa6564_1.png"
  },
  {
    "id": 9,
    "name": "Pipeta",
    "description": "Pipeta para perros y gatos. Para pulgas",
    "type": "perros-gatos",
    "category": "2",
    "destacado": "false",
    "price": "490",
    "image": "image-1625840667102.jpg"
  },
  {
    "id": 10,
    "name": "Rodillo",
    "description": "Rodillo de goma para sacar pelos de gatos",
    "type": "gatos",
    "category": "2",
    "destacado": "false",
    "image": "image-1625841813591.png",
    "price": "750"
  },
  {
    "id": 11,
    "name": "Jaula",
    "description": "Jaula transportadora de gatos, ultra resistente",
    "type": "gatos",
    "category": "3",
    "destacado": "false",
    "image": "image-1625841867753.jpg",
    "price": "2550"
  },
  {
    "id": 12,
    "name": "Guante Felplast",
    "description": "Guante para remoción de pelos y masajes ",
    "type": "perros",
    "category": "2",
    "destacado": "false",
    "image": "image-1625841935953.jpg",
    "price": "1950"
  },
  {
    "id": 13,
    "name": "Pelota de Goma ",
    "description": "pelota de goma azul",
    "type": "perros",
    "category": "3",
    "destacado": "false",
    "image": "image-1626696146110.png",
    "price": "450"
  },
  {
    "id": 14,
    "name": "Hueso de goma",
    "description": "Pipeta para perros y gatos. Para pulgas",
    "type": "1",
    "category": "1",
    "image": "image-1627389067170.jpg",
    "price": ""
  },
  {
    "id": 15,
    "name": "Hueso de goma",
    "description": "Hueso de goma, resistente, para perros pequeños",
    "destacado": "false",
    "image": "image-1629206214903.png",
    "price": "450"
  }
]